sourceName	(edgeType)	targetName
Account	owner	Organization
Account	partOf	Account
Account	subject	Practitioner
Account	subject	Device
Account	subject	Patient
Account	subject	PractitionerRole
Account	subject	Organization
Account	subject	HealthcareService
Account	subject	Location
AccountCoverage	coverage	Coverage
AccountGuarantor	party	Organization
AccountGuarantor	party	RelatedPerson
AccountGuarantor	party	Patient
ActivityDefinition	library	Library
ActivityDefinition	location	Location
ActivityDefinition	observationRequirement	ObservationDefinition
ActivityDefinition	observationResultRequirement	ObservationDefinition
ActivityDefinition	productReference	Medication
ActivityDefinition	productReference	Substance
ActivityDefinition	productReference	Ingredient
ActivityDefinition	profile	StructureDefinition
ActivityDefinition	specimenRequirement	SpecimenDefinition
ActivityDefinition	subjectReference	Group
ActivityDefinition	transform	StructureMap
AdministrableProductDefinition	device	DeviceDefinition
AdministrableProductDefinition	formOf	MedicinalProductDefinition
AdministrableProductDefinition	producedFrom	ManufacturedItemDefinition
AdverseEvent	contributor	Practitioner
AdverseEvent	contributor	PractitionerRole
AdverseEvent	contributor	Device
AdverseEvent	encounter	Encounter
AdverseEvent	location	Location
AdverseEvent	recorder	Practitioner
AdverseEvent	recorder	PractitionerRole
AdverseEvent	recorder	RelatedPerson
AdverseEvent	recorder	Patient
AdverseEvent	referenceDocument	DocumentReference
AdverseEvent	resultingCondition	Condition
AdverseEvent	study	ResearchStudy
AdverseEvent	subject	Practitioner
AdverseEvent	subject	Group
AdverseEvent	subject	RelatedPerson
AdverseEvent	subject	Patient
AdverseEvent	subjectMedicalHistory	Procedure
AdverseEvent	subjectMedicalHistory	Media
AdverseEvent	subjectMedicalHistory	DocumentReference
AdverseEvent	subjectMedicalHistory	Immunization
AdverseEvent	subjectMedicalHistory	Condition
AdverseEvent	subjectMedicalHistory	AllergyIntolerance
AdverseEvent	subjectMedicalHistory	FamilyMemberHistory
AdverseEvent	subjectMedicalHistory	Observation
AdverseEventSuspectEntity	instance	Procedure
AdverseEventSuspectEntity	instance	Device
AdverseEventSuspectEntity	instance	Immunization
AdverseEventSuspectEntity	instance	MedicationAdministration
AdverseEventSuspectEntity	instance	Medication
AdverseEventSuspectEntity	instance	Substance
AdverseEventSuspectEntity	instance	MedicationStatement
AdverseEventSuspectEntityCausality	author	Practitioner
AdverseEventSuspectEntityCausality	author	PractitionerRole
AllergyIntolerance	asserter	Practitioner
AllergyIntolerance	asserter	PractitionerRole
AllergyIntolerance	asserter	RelatedPerson
AllergyIntolerance	asserter	Patient
AllergyIntolerance	encounter	Encounter
AllergyIntolerance	patient	Patient
AllergyIntolerance	recorder	Practitioner
AllergyIntolerance	recorder	PractitionerRole
AllergyIntolerance	recorder	RelatedPerson
AllergyIntolerance	recorder	Patient
Annotation	authorReference	Practitioner
Annotation	authorReference	RelatedPerson
Annotation	authorReference	Organization
Annotation	authorReference	Patient
Appointment	basedOn	ServiceRequest
Appointment	reasonReference	Condition
Appointment	reasonReference	ImmunizationRecommendation
Appointment	reasonReference	Procedure
Appointment	reasonReference	Observation
Appointment	slot	Slot
Appointment	supportingInformation	Resource
AppointmentParticipant	actor	Practitioner
AppointmentParticipant	actor	Device
AppointmentParticipant	actor	Patient
AppointmentParticipant	actor	PractitionerRole
AppointmentParticipant	actor	RelatedPerson
AppointmentParticipant	actor	HealthcareService
AppointmentParticipant	actor	Location
AppointmentResponse	actor	Practitioner
AppointmentResponse	actor	Device
AppointmentResponse	actor	Patient
AppointmentResponse	actor	PractitionerRole
AppointmentResponse	actor	RelatedPerson
AppointmentResponse	actor	HealthcareService
AppointmentResponse	actor	Location
AppointmentResponse	appointment	Appointment
AuditEventAgent	location	Location
AuditEventAgent	who	Practitioner
AuditEventAgent	who	Device
AuditEventAgent	who	Patient
AuditEventAgent	who	PractitionerRole
AuditEventAgent	who	Organization
AuditEventAgent	who	RelatedPerson
AuditEventEntity	what	Resource
AuditEventSource	observer	Practitioner
AuditEventSource	observer	Device
AuditEventSource	observer	Patient
AuditEventSource	observer	PractitionerRole
AuditEventSource	observer	Organization
AuditEventSource	observer	RelatedPerson
Basic	author	Practitioner
Basic	author	Patient
Basic	author	PractitionerRole
Basic	author	RelatedPerson
Basic	author	Organization
Basic	subject	Resource
Binary	securityContext	Resource
BiologicallyDerivedProduct	parent	BiologicallyDerivedProduct
BiologicallyDerivedProduct	request	ServiceRequest
BiologicallyDerivedProductCollection	collector	Practitioner
BiologicallyDerivedProductCollection	collector	PractitionerRole
BiologicallyDerivedProductCollection	source	Organization
BiologicallyDerivedProductCollection	source	Patient
BiologicallyDerivedProductProcessing	additive	Substance
BodyStructure	patient	Patient
CapabilityStatement	implementationGuide	ImplementationGuide
CapabilityStatement	imports	CapabilityStatement
CapabilityStatement	instantiates	CapabilityStatement
CapabilityStatementDocument	profile	StructureDefinition
CapabilityStatementImplementation	custodian	Organization
CapabilityStatementMessagingSupportedMessage	definition	MessageDefinition
CapabilityStatementRest	compartment	CompartmentDefinition
CapabilityStatementRestResource	profile	StructureDefinition
CapabilityStatementRestResource	supportedProfile	StructureDefinition
CapabilityStatementRestResourceOperation	definition	OperationDefinition
CapabilityStatementRestResourceSearchParam	definition	SearchParameter
CarePlan	addresses	Condition
CarePlan	author	Practitioner
CarePlan	author	Device
CarePlan	author	Patient
CarePlan	author	PractitionerRole
CarePlan	author	RelatedPerson
CarePlan	author	Organization
CarePlan	author	CareTeam
CarePlan	basedOn	CarePlan
CarePlan	careTeam	CareTeam
CarePlan	contributor	Practitioner
CarePlan	contributor	Device
CarePlan	contributor	Patient
CarePlan	contributor	PractitionerRole
CarePlan	contributor	RelatedPerson
CarePlan	contributor	Organization
CarePlan	contributor	CareTeam
CarePlan	encounter	Encounter
CarePlan	goal	Goal
CarePlan	instantiatesCanonical	ActivityDefinition
CarePlan	instantiatesCanonical	PlanDefinition
CarePlan	instantiatesCanonical	Measure
CarePlan	instantiatesCanonical	Questionnaire
CarePlan	instantiatesCanonical	OperationDefinition
CarePlan	partOf	CarePlan
CarePlan	replaces	CarePlan
CarePlan	subject	Group
CarePlan	subject	Patient
CarePlan	supportingInfo	Resource
CarePlanActivity	outcomeReference	Resource
CarePlanActivity	reference	ServiceRequest
CarePlanActivity	reference	CommunicationRequest
CarePlanActivity	reference	NutritionOrder
CarePlanActivity	reference	MedicationRequest
CarePlanActivity	reference	VisionPrescription
CarePlanActivity	reference	DeviceRequest
CarePlanActivity	reference	RequestGroup
CarePlanActivity	reference	Appointment
CarePlanActivity	reference	Task
CarePlanActivityDetail	goal	Goal
CarePlanActivityDetail	instantiatesCanonical	ActivityDefinition
CarePlanActivityDetail	instantiatesCanonical	PlanDefinition
CarePlanActivityDetail	instantiatesCanonical	Measure
CarePlanActivityDetail	instantiatesCanonical	Questionnaire
CarePlanActivityDetail	instantiatesCanonical	OperationDefinition
CarePlanActivityDetail	location	Location
CarePlanActivityDetail	performer	Practitioner
CarePlanActivityDetail	performer	Device
CarePlanActivityDetail	performer	Patient
CarePlanActivityDetail	performer	PractitionerRole
CarePlanActivityDetail	performer	Organization
CarePlanActivityDetail	performer	RelatedPerson
CarePlanActivityDetail	performer	CareTeam
CarePlanActivityDetail	performer	HealthcareService
CarePlanActivityDetail	productReference	Medication
CarePlanActivityDetail	productReference	Substance
CarePlanActivityDetail	reasonReference	Condition
CarePlanActivityDetail	reasonReference	DocumentReference
CarePlanActivityDetail	reasonReference	DiagnosticReport
CarePlanActivityDetail	reasonReference	Observation
CareTeam	encounter	Encounter
CareTeam	managingOrganization	Organization
CareTeam	reasonReference	Condition
CareTeam	subject	Group
CareTeam	subject	Patient
CareTeamParticipant	member	Practitioner
CareTeamParticipant	member	Patient
CareTeamParticipant	member	PractitionerRole
CareTeamParticipant	member	RelatedPerson
CareTeamParticipant	member	Organization
CareTeamParticipant	member	CareTeam
CareTeamParticipant	onBehalfOf	Organization
CatalogEntry	referencedItem	Practitioner
CatalogEntry	referencedItem	SpecimenDefinition
CatalogEntry	referencedItem	Device
CatalogEntry	referencedItem	ActivityDefinition
CatalogEntry	referencedItem	PractitionerRole
CatalogEntry	referencedItem	Organization
CatalogEntry	referencedItem	ObservationDefinition
CatalogEntry	referencedItem	Binary
CatalogEntry	referencedItem	PlanDefinition
CatalogEntry	referencedItem	HealthcareService
CatalogEntry	referencedItem	Medication
CatalogEntryRelatedEntry	item	CatalogEntry
ChargeItem	account	Account
ChargeItem	context	Encounter
ChargeItem	context	EpisodeOfCare
ChargeItem	costCenter	Organization
ChargeItem	definitionCanonical	ChargeItemDefinition
ChargeItem	enterer	Practitioner
ChargeItem	enterer	Device
ChargeItem	enterer	Patient
ChargeItem	enterer	PractitionerRole
ChargeItem	enterer	Organization
ChargeItem	enterer	RelatedPerson
ChargeItem	partOf	ChargeItem
ChargeItem	performingOrganization	Organization
ChargeItem	productReference	Medication
ChargeItem	productReference	Substance
ChargeItem	productReference	Device
ChargeItem	requestingOrganization	Organization
ChargeItem	service	ImagingStudy
ChargeItem	service	Procedure
ChargeItem	service	DiagnosticReport
ChargeItem	service	MedicationDispense
ChargeItem	service	SupplyDelivery
ChargeItem	service	Immunization
ChargeItem	service	MedicationAdministration
ChargeItem	service	Observation
ChargeItem	subject	Group
ChargeItem	subject	Patient
ChargeItem	supportingInformation	Resource
ChargeItemPerformer	actor	Practitioner
ChargeItemPerformer	actor	Device
ChargeItemPerformer	actor	Patient
ChargeItemPerformer	actor	PractitionerRole
ChargeItemPerformer	actor	Organization
ChargeItemPerformer	actor	CareTeam
ChargeItemPerformer	actor	RelatedPerson
ChargeItemDefinition	instance	Medication
ChargeItemDefinition	instance	Substance
ChargeItemDefinition	instance	Device
ChargeItemDefinition	partOf	ChargeItemDefinition
ChargeItemDefinition	replaces	ChargeItemDefinition
CitationCitedArtifactClassificationWhoClassified	organization	Organization
CitationCitedArtifactClassificationWhoClassified	person	Practitioner
CitationCitedArtifactClassificationWhoClassified	person	Person
CitationCitedArtifactClassificationWhoClassified	publisher	Organization
CitationCitedArtifactPart	baseCitation	Citation
CitationCitedArtifactPublicationFormPublishedIn	publisher	Organization
CitationCitedArtifactRelatesTo	targetReference	Resource
CitationCitedArtifactVersion	baseCitation	Citation
CitationRelatesTo	targetReference	Resource
Claim	enterer	Practitioner
Claim	enterer	PractitionerRole
Claim	facility	Location
Claim	insurer	Organization
Claim	originalPrescription	MedicationRequest
Claim	originalPrescription	DeviceRequest
Claim	originalPrescription	VisionPrescription
Claim	patient	Patient
Claim	prescription	MedicationRequest
Claim	prescription	DeviceRequest
Claim	prescription	VisionPrescription
Claim	provider	Practitioner
Claim	provider	PractitionerRole
Claim	provider	Organization
Claim	referral	ServiceRequest
ClaimAccident	locationReference	Location
ClaimCareTeam	provider	Practitioner
ClaimCareTeam	provider	PractitionerRole
ClaimCareTeam	provider	Organization
ClaimDiagnosis	diagnosisReference	Condition
ClaimInsurance	claimResponse	ClaimResponse
ClaimInsurance	coverage	Coverage
ClaimItem	encounter	Encounter
ClaimItem	locationReference	Location
ClaimItem	udi	Device
ClaimItemDetail	udi	Device
ClaimItemDetailSubDetail	udi	Device
ClaimPayee	party	Practitioner
ClaimPayee	party	Patient
ClaimPayee	party	PractitionerRole
ClaimPayee	party	RelatedPerson
ClaimPayee	party	Organization
ClaimProcedure	procedureReference	Procedure
ClaimProcedure	udi	Device
ClaimRelated	claim	Claim
ClaimSupportingInfo	valueReference	Resource
ClaimResponse	communicationRequest	CommunicationRequest
ClaimResponse	insurer	Organization
ClaimResponse	patient	Patient
ClaimResponse	request	Claim
ClaimResponse	requestor	Practitioner
ClaimResponse	requestor	PractitionerRole
ClaimResponse	requestor	Organization
ClaimResponseAddItem	locationReference	Location
ClaimResponseAddItem	provider	Practitioner
ClaimResponseAddItem	provider	PractitionerRole
ClaimResponseAddItem	provider	Organization
ClaimResponseInsurance	claimResponse	ClaimResponse
ClaimResponseInsurance	coverage	Coverage
ClinicalImpression	assessor	Practitioner
ClinicalImpression	assessor	PractitionerRole
ClinicalImpression	encounter	Encounter
ClinicalImpression	previous	ClinicalImpression
ClinicalImpression	problem	Condition
ClinicalImpression	problem	AllergyIntolerance
ClinicalImpression	prognosisReference	RiskAssessment
ClinicalImpression	subject	Group
ClinicalImpression	subject	Patient
ClinicalImpression	supportingInfo	Resource
ClinicalImpressionFinding	itemReference	Condition
ClinicalImpressionFinding	itemReference	Media
ClinicalImpressionFinding	itemReference	Observation
ClinicalImpressionInvestigation	item	ImagingStudy
ClinicalImpressionInvestigation	item	Media
ClinicalImpressionInvestigation	item	DiagnosticReport
ClinicalImpressionInvestigation	item	QuestionnaireResponse
ClinicalImpressionInvestigation	item	RiskAssessment
ClinicalImpressionInvestigation	item	FamilyMemberHistory
ClinicalImpressionInvestigation	item	Observation
ClinicalUseDefinition	population	Group
ClinicalUseDefinition	subject	Device
ClinicalUseDefinition	subject	ActivityDefinition
ClinicalUseDefinition	subject	MedicinalProductDefinition
ClinicalUseDefinition	subject	PlanDefinition
ClinicalUseDefinition	subject	DeviceDefinition
ClinicalUseDefinition	subject	Medication
ClinicalUseDefinition	subject	Substance
ClinicalUseDefinitionContraindication	comorbidity	ObservationDefinition
ClinicalUseDefinitionContraindication	diseaseStatus	ObservationDefinition
ClinicalUseDefinitionContraindication	diseaseSymptomProcedure	ObservationDefinition
ClinicalUseDefinitionContraindication	indication	ClinicalUseDefinition
ClinicalUseDefinitionContraindicationOtherTherapy	therapy	ActivityDefinition
ClinicalUseDefinitionContraindicationOtherTherapy	therapy	MedicinalProductDefinition
ClinicalUseDefinitionContraindicationOtherTherapy	therapy	SubstanceDefinition
ClinicalUseDefinitionContraindicationOtherTherapy	therapy	Medication
ClinicalUseDefinitionContraindicationOtherTherapy	therapy	Substance
ClinicalUseDefinitionIndication	comorbidity	ObservationDefinition
ClinicalUseDefinitionIndication	diseaseStatus	ObservationDefinition
ClinicalUseDefinitionIndication	diseaseSymptomProcedure	ObservationDefinition
ClinicalUseDefinitionIndication	intendedEffect	ObservationDefinition
ClinicalUseDefinitionIndication	undesirableEffect	ClinicalUseDefinition
ClinicalUseDefinitionInteraction	effect	ObservationDefinition
ClinicalUseDefinitionInteractionInteractant	itemReference	Medication
ClinicalUseDefinitionInteractionInteractant	itemReference	MedicinalProductDefinition
ClinicalUseDefinitionInteractionInteractant	itemReference	ObservationDefinition
ClinicalUseDefinitionInteractionInteractant	itemReference	Substance
ClinicalUseDefinitionUndesirableEffect	symptomConditionEffect	ObservationDefinition
CodeSystem	supplements	CodeSystem
CodeSystem	valueSet	ValueSet
Communication	about	Resource
Communication	basedOn	Resource
Communication	encounter	Encounter
Communication	inResponseTo	Communication
Communication	instantiatesCanonical	ActivityDefinition
Communication	instantiatesCanonical	PlanDefinition
Communication	instantiatesCanonical	Measure
Communication	instantiatesCanonical	Questionnaire
Communication	instantiatesCanonical	OperationDefinition
Communication	partOf	Resource
Communication	reasonReference	Condition
Communication	reasonReference	DocumentReference
Communication	reasonReference	DiagnosticReport
Communication	reasonReference	Observation
Communication	recipient	Practitioner
Communication	recipient	Device
Communication	recipient	Patient
Communication	recipient	PractitionerRole
Communication	recipient	Organization
Communication	recipient	RelatedPerson
Communication	recipient	Group
Communication	recipient	CareTeam
Communication	recipient	HealthcareService
Communication	sender	Practitioner
Communication	sender	Device
Communication	sender	Patient
Communication	sender	PractitionerRole
Communication	sender	Organization
Communication	sender	RelatedPerson
Communication	sender	HealthcareService
Communication	subject	Group
Communication	subject	Patient
CommunicationPayload	contentReference	Resource
CommunicationRequest	about	Resource
CommunicationRequest	basedOn	Resource
CommunicationRequest	encounter	Encounter
CommunicationRequest	reasonReference	Condition
CommunicationRequest	reasonReference	DocumentReference
CommunicationRequest	reasonReference	DiagnosticReport
CommunicationRequest	reasonReference	Observation
CommunicationRequest	recipient	Practitioner
CommunicationRequest	recipient	Device
CommunicationRequest	recipient	Patient
CommunicationRequest	recipient	PractitionerRole
CommunicationRequest	recipient	Organization
CommunicationRequest	recipient	RelatedPerson
CommunicationRequest	recipient	Group
CommunicationRequest	recipient	CareTeam
CommunicationRequest	recipient	HealthcareService
CommunicationRequest	replaces	CommunicationRequest
CommunicationRequest	requester	Practitioner
CommunicationRequest	requester	Device
CommunicationRequest	requester	Patient
CommunicationRequest	requester	PractitionerRole
CommunicationRequest	requester	RelatedPerson
CommunicationRequest	requester	Organization
CommunicationRequest	sender	Practitioner
CommunicationRequest	sender	Device
CommunicationRequest	sender	Patient
CommunicationRequest	sender	PractitionerRole
CommunicationRequest	sender	Organization
CommunicationRequest	sender	RelatedPerson
CommunicationRequest	sender	HealthcareService
CommunicationRequest	subject	Group
CommunicationRequest	subject	Patient
CommunicationRequestPayload	contentReference	Resource
Composition	author	Practitioner
Composition	author	Device
Composition	author	Patient
Composition	author	PractitionerRole
Composition	author	RelatedPerson
Composition	author	Organization
Composition	custodian	Organization
Composition	encounter	Encounter
Composition	subject	Resource
CompositionAttester	party	Practitioner
CompositionAttester	party	Patient
CompositionAttester	party	PractitionerRole
CompositionAttester	party	RelatedPerson
CompositionAttester	party	Organization
CompositionEvent	detail	Resource
CompositionRelatesTo	targetReference	Composition
CompositionSection	author	Practitioner
CompositionSection	author	Device
CompositionSection	author	Patient
CompositionSection	author	PractitionerRole
CompositionSection	author	RelatedPerson
CompositionSection	author	Organization
CompositionSection	entry	Resource
CompositionSection	focus	Resource
ConceptMap	sourceCanonical	ValueSet
ConceptMap	targetCanonical	ValueSet
ConceptMapGroupElementTargetDependsOn	system	CodeSystem
ConceptMapGroupUnmapped	url	ConceptMap
Condition	asserter	Practitioner
Condition	asserter	PractitionerRole
Condition	asserter	RelatedPerson
Condition	asserter	Patient
Condition	encounter	Encounter
Condition	recorder	Practitioner
Condition	recorder	PractitionerRole
Condition	recorder	RelatedPerson
Condition	recorder	Patient
Condition	subject	Group
Condition	subject	Patient
ConditionEvidence	detail	Resource
ConditionStage	assessment	ClinicalImpression
ConditionStage	assessment	DiagnosticReport
ConditionStage	assessment	Observation
Consent	organization	Organization
Consent	patient	Patient
Consent	performer	Practitioner
Consent	performer	Patient
Consent	performer	PractitionerRole
Consent	performer	RelatedPerson
Consent	performer	Organization
Consent	sourceReference	DocumentReference
Consent	sourceReference	Consent
Consent	sourceReference	Contract
Consent	sourceReference	QuestionnaireResponse
ConsentProvisionActor	reference	Practitioner
ConsentProvisionActor	reference	Device
ConsentProvisionActor	reference	Patient
ConsentProvisionActor	reference	Group
ConsentProvisionActor	reference	Organization
ConsentProvisionActor	reference	CareTeam
ConsentProvisionActor	reference	RelatedPerson
ConsentProvisionActor	reference	PractitionerRole
ConsentProvisionData	reference	Resource
ConsentVerification	verifiedWith	RelatedPerson
ConsentVerification	verifiedWith	Patient
Contract	author	Practitioner
Contract	author	PractitionerRole
Contract	author	Organization
Contract	author	Patient
Contract	authority	Organization
Contract	domain	Location
Contract	instantiatesCanonical	Contract
Contract	legallyBindingReference	Composition
Contract	legallyBindingReference	DocumentReference
Contract	legallyBindingReference	Contract
Contract	legallyBindingReference	QuestionnaireResponse
Contract	relevantHistory	Provenance
Contract	site	Location
Contract	subject	Resource
Contract	supportingInfo	Resource
Contract	topicReference	Resource
ContractContentDefinition	publisher	Practitioner
ContractContentDefinition	publisher	PractitionerRole
ContractContentDefinition	publisher	Organization
ContractFriendly	contentReference	Composition
ContractFriendly	contentReference	DocumentReference
ContractFriendly	contentReference	QuestionnaireResponse
ContractLegal	contentReference	Composition
ContractLegal	contentReference	DocumentReference
ContractLegal	contentReference	QuestionnaireResponse
ContractRule	contentReference	DocumentReference
ContractSigner	party	Practitioner
ContractSigner	party	Patient
ContractSigner	party	PractitionerRole
ContractSigner	party	RelatedPerson
ContractSigner	party	Organization
ContractTerm	topicReference	Resource
ContractTermAction	context	Encounter
ContractTermAction	context	EpisodeOfCare
ContractTermAction	performer	Practitioner
ContractTermAction	performer	Device
ContractTermAction	performer	Patient
ContractTermAction	performer	PractitionerRole
ContractTermAction	performer	RelatedPerson
ContractTermAction	performer	CareTeam
ContractTermAction	performer	Organization
ContractTermAction	performer	Location
ContractTermAction	performer	Substance
ContractTermAction	reasonReference	DocumentReference
ContractTermAction	reasonReference	DiagnosticReport
ContractTermAction	reasonReference	QuestionnaireResponse
ContractTermAction	reasonReference	Condition
ContractTermAction	reasonReference	Questionnaire
ContractTermAction	reasonReference	Observation
ContractTermAction	requester	Practitioner
ContractTermAction	requester	Device
ContractTermAction	requester	Patient
ContractTermAction	requester	PractitionerRole
ContractTermAction	requester	RelatedPerson
ContractTermAction	requester	Group
ContractTermAction	requester	Organization
ContractTermActionSubject	reference	Practitioner
ContractTermActionSubject	reference	Device
ContractTermActionSubject	reference	Patient
ContractTermActionSubject	reference	PractitionerRole
ContractTermActionSubject	reference	RelatedPerson
ContractTermActionSubject	reference	Group
ContractTermActionSubject	reference	Organization
ContractTermAsset	typeReference	Resource
ContractTermAssetContext	reference	Resource
ContractTermAssetValuedItem	entityReference	Resource
ContractTermAssetValuedItem	recipient	Practitioner
ContractTermAssetValuedItem	recipient	Patient
ContractTermAssetValuedItem	recipient	PractitionerRole
ContractTermAssetValuedItem	recipient	RelatedPerson
ContractTermAssetValuedItem	recipient	Organization
ContractTermAssetValuedItem	responsible	Practitioner
ContractTermAssetValuedItem	responsible	Patient
ContractTermAssetValuedItem	responsible	PractitionerRole
ContractTermAssetValuedItem	responsible	RelatedPerson
ContractTermAssetValuedItem	responsible	Organization
ContractTermOffer	topic	Resource
ContractTermOfferAnswer	valueReference	Resource
ContractTermOfferParty	reference	Practitioner
ContractTermOfferParty	reference	Device
ContractTermOfferParty	reference	Patient
ContractTermOfferParty	reference	PractitionerRole
ContractTermOfferParty	reference	RelatedPerson
ContractTermOfferParty	reference	Group
ContractTermOfferParty	reference	Organization
Coverage	beneficiary	Patient
Coverage	contract	Contract
Coverage	payor	RelatedPerson
Coverage	payor	Organization
Coverage	payor	Patient
Coverage	policyHolder	Organization
Coverage	policyHolder	RelatedPerson
Coverage	policyHolder	Patient
Coverage	subscriber	RelatedPerson
Coverage	subscriber	Patient
CoverageEligibilityRequest	enterer	Practitioner
CoverageEligibilityRequest	enterer	PractitionerRole
CoverageEligibilityRequest	facility	Location
CoverageEligibilityRequest	insurer	Organization
CoverageEligibilityRequest	patient	Patient
CoverageEligibilityRequest	provider	Practitioner
CoverageEligibilityRequest	provider	PractitionerRole
CoverageEligibilityRequest	provider	Organization
CoverageEligibilityRequestInsurance	coverage	Coverage
CoverageEligibilityRequestItem	detail	Resource
CoverageEligibilityRequestItem	facility	Location
CoverageEligibilityRequestItem	facility	Organization
CoverageEligibilityRequestItem	provider	Practitioner
CoverageEligibilityRequestItem	provider	PractitionerRole
CoverageEligibilityRequestItemDiagnosis	diagnosisReference	Condition
CoverageEligibilityRequestSupportingInfo	information	Resource
CoverageEligibilityResponse	insurer	Organization
CoverageEligibilityResponse	patient	Patient
CoverageEligibilityResponse	request	CoverageEligibilityRequest
CoverageEligibilityResponse	requestor	Practitioner
CoverageEligibilityResponse	requestor	PractitionerRole
CoverageEligibilityResponse	requestor	Organization
CoverageEligibilityResponseInsurance	coverage	Coverage
CoverageEligibilityResponseInsuranceItem	provider	Practitioner
CoverageEligibilityResponseInsuranceItem	provider	PractitionerRole
DataRequirement	profile	StructureDefinition
DataRequirement	subjectReference	Group
DataRequirementCodeFilter	valueSet	ValueSet
DetectedIssue	author	Practitioner
DetectedIssue	author	PractitionerRole
DetectedIssue	author	Device
DetectedIssue	implicated	Resource
DetectedIssue	patient	Patient
DetectedIssueEvidence	detail	Resource
DetectedIssueMitigation	author	Practitioner
DetectedIssueMitigation	author	PractitionerRole
Device	definition	DeviceDefinition
Device	location	Location
Device	owner	Organization
Device	parent	Device
Device	patient	Patient
DeviceDefinition	manufacturerReference	Organization
DeviceDefinition	owner	Organization
DeviceDefinition	parentDevice	DeviceDefinition
DeviceMetric	parent	Device
DeviceMetric	source	Device
DeviceRequest	basedOn	Resource
DeviceRequest	codeReference	Device
DeviceRequest	encounter	Encounter
DeviceRequest	instantiatesCanonical	PlanDefinition
DeviceRequest	instantiatesCanonical	ActivityDefinition
DeviceRequest	insurance	Coverage
DeviceRequest	insurance	ClaimResponse
DeviceRequest	performer	Practitioner
DeviceRequest	performer	Device
DeviceRequest	performer	Patient
DeviceRequest	performer	PractitionerRole
DeviceRequest	performer	Organization
DeviceRequest	performer	CareTeam
DeviceRequest	performer	RelatedPerson
DeviceRequest	performer	HealthcareService
DeviceRequest	priorRequest	Resource
DeviceRequest	reasonReference	Condition
DeviceRequest	reasonReference	DocumentReference
DeviceRequest	reasonReference	DiagnosticReport
DeviceRequest	reasonReference	Observation
DeviceRequest	relevantHistory	Provenance
DeviceRequest	requester	Practitioner
DeviceRequest	requester	PractitionerRole
DeviceRequest	requester	Device
DeviceRequest	requester	Organization
DeviceRequest	subject	Location
DeviceRequest	subject	Group
DeviceRequest	subject	Device
DeviceRequest	subject	Patient
DeviceRequest	supportingInfo	Resource
DeviceUseStatement	basedOn	ServiceRequest
DeviceUseStatement	derivedFrom	Procedure
DeviceUseStatement	derivedFrom	DocumentReference
DeviceUseStatement	derivedFrom	ServiceRequest
DeviceUseStatement	derivedFrom	QuestionnaireResponse
DeviceUseStatement	derivedFrom	Claim
DeviceUseStatement	derivedFrom	Observation
DeviceUseStatement	device	Device
DeviceUseStatement	reasonReference	DocumentReference
DeviceUseStatement	reasonReference	Media
DeviceUseStatement	reasonReference	DiagnosticReport
DeviceUseStatement	reasonReference	Condition
DeviceUseStatement	reasonReference	Observation
DeviceUseStatement	source	Practitioner
DeviceUseStatement	source	PractitionerRole
DeviceUseStatement	source	RelatedPerson
DeviceUseStatement	source	Patient
DeviceUseStatement	subject	Group
DeviceUseStatement	subject	Patient
DiagnosticReport	basedOn	ServiceRequest
DiagnosticReport	basedOn	NutritionOrder
DiagnosticReport	basedOn	MedicationRequest
DiagnosticReport	basedOn	CarePlan
DiagnosticReport	basedOn	ImmunizationRecommendation
DiagnosticReport	encounter	Encounter
DiagnosticReport	imagingStudy	ImagingStudy
DiagnosticReport	performer	Practitioner
DiagnosticReport	performer	PractitionerRole
DiagnosticReport	performer	Organization
DiagnosticReport	performer	CareTeam
DiagnosticReport	result	Observation
DiagnosticReport	resultsInterpreter	Practitioner
DiagnosticReport	resultsInterpreter	PractitionerRole
DiagnosticReport	resultsInterpreter	Organization
DiagnosticReport	resultsInterpreter	CareTeam
DiagnosticReport	specimen	Specimen
DiagnosticReport	subject	Procedure
DiagnosticReport	subject	Practitioner
DiagnosticReport	subject	Device
DiagnosticReport	subject	Patient
DiagnosticReport	subject	Group
DiagnosticReport	subject	Organization
DiagnosticReport	subject	Location
DiagnosticReport	subject	Medication
DiagnosticReport	subject	Substance
DiagnosticReportMedia	link	Media
DocumentManifest	author	Practitioner
DocumentManifest	author	Device
DocumentManifest	author	Patient
DocumentManifest	author	PractitionerRole
DocumentManifest	author	Organization
DocumentManifest	author	RelatedPerson
DocumentManifest	content	Resource
DocumentManifest	recipient	Practitioner
DocumentManifest	recipient	Patient
DocumentManifest	recipient	PractitionerRole
DocumentManifest	recipient	RelatedPerson
DocumentManifest	recipient	Organization
DocumentManifest	subject	Practitioner
DocumentManifest	subject	Group
DocumentManifest	subject	Device
DocumentManifest	subject	Patient
DocumentManifestRelated	ref	Resource
DocumentReference	authenticator	Practitioner
DocumentReference	authenticator	PractitionerRole
DocumentReference	authenticator	Organization
DocumentReference	author	Practitioner
DocumentReference	author	Device
DocumentReference	author	Patient
DocumentReference	author	PractitionerRole
DocumentReference	author	Organization
DocumentReference	author	RelatedPerson
DocumentReference	custodian	Organization
DocumentReference	subject	Practitioner
DocumentReference	subject	Group
DocumentReference	subject	Device
DocumentReference	subject	Patient
DocumentReferenceContext	encounter	Encounter
DocumentReferenceContext	encounter	EpisodeOfCare
DocumentReferenceContext	related	Resource
DocumentReferenceContext	sourcePatientInfo	Patient
DocumentReferenceRelatesTo	target	DocumentReference
ElementDefinitionBinding	valueSet	ValueSet
ElementDefinitionConstraint	source	StructureDefinition
ElementDefinitionType	profile	StructureDefinition
ElementDefinitionType	profile	ImplementationGuide
ElementDefinitionType	targetProfile	StructureDefinition
ElementDefinitionType	targetProfile	ImplementationGuide
Encounter	account	Account
Encounter	appointment	Appointment
Encounter	basedOn	ServiceRequest
Encounter	episodeOfCare	EpisodeOfCare
Encounter	partOf	Encounter
Encounter	reasonReference	Condition
Encounter	reasonReference	ImmunizationRecommendation
Encounter	reasonReference	Procedure
Encounter	reasonReference	Observation
Encounter	serviceProvider	Organization
Encounter	subject	Group
Encounter	subject	Patient
EncounterDiagnosis	condition	Condition
EncounterDiagnosis	condition	Procedure
EncounterHospitalization	destination	Location
EncounterHospitalization	destination	Organization
EncounterHospitalization	origin	Location
EncounterHospitalization	origin	Organization
EncounterLocation	location	Location
EncounterParticipant	individual	Practitioner
EncounterParticipant	individual	PractitionerRole
EncounterParticipant	individual	RelatedPerson
Endpoint	managingOrganization	Organization
EnrollmentRequest	candidate	Patient
EnrollmentRequest	coverage	Coverage
EnrollmentRequest	insurer	Organization
EnrollmentRequest	provider	Practitioner
EnrollmentRequest	provider	PractitionerRole
EnrollmentRequest	provider	Organization
EnrollmentResponse	organization	Organization
EnrollmentResponse	request	EnrollmentRequest
EnrollmentResponse	requestProvider	Practitioner
EnrollmentResponse	requestProvider	PractitionerRole
EnrollmentResponse	requestProvider	Organization
EpisodeOfCare	account	Account
EpisodeOfCare	careManager	Practitioner
EpisodeOfCare	careManager	PractitionerRole
EpisodeOfCare	managingOrganization	Organization
EpisodeOfCare	patient	Patient
EpisodeOfCare	referralRequest	ServiceRequest
EpisodeOfCare	team	CareTeam
EpisodeOfCareDiagnosis	condition	Condition
EventDefinition	subjectReference	Group
Evidence	citeAsReference	Citation
EvidenceStatisticModelCharacteristicVariable	variableDefinition	EvidenceVariable
EvidenceStatisticModelCharacteristicVariable	variableDefinition	Group
EvidenceVariableDefinition	intended	EvidenceVariable
EvidenceVariableDefinition	intended	Group
EvidenceVariableDefinition	observed	EvidenceVariable
EvidenceVariableDefinition	observed	Group
EvidenceReport	citeAsReference	Citation
EvidenceReportRelatesTo	targetReference	EvidenceReport
EvidenceReportSection	author	Organization
EvidenceReportSection	author	Group
EvidenceReportSection	author	Person
EvidenceReportSection	author	Device
EvidenceReportSection	entryReference	Resource
EvidenceReportSection	focusReference	Resource
EvidenceReportSubjectCharacteristic	valueReference	Resource
EvidenceVariableCharacteristic	definitionCanonical	Resource
EvidenceVariableCharacteristic	definitionReference	EvidenceVariable
EvidenceVariableCharacteristic	definitionReference	Group
EvidenceVariableCharacteristic	device	DeviceMetric
EvidenceVariableCharacteristic	device	Device
ExampleScenario	workflow	ExampleScenario
ExplanationOfBenefit	claim	Claim
ExplanationOfBenefit	claimResponse	ClaimResponse
ExplanationOfBenefit	enterer	Practitioner
ExplanationOfBenefit	enterer	PractitionerRole
ExplanationOfBenefit	facility	Location
ExplanationOfBenefit	insurer	Organization
ExplanationOfBenefit	originalPrescription	MedicationRequest
ExplanationOfBenefit	patient	Patient
ExplanationOfBenefit	prescription	MedicationRequest
ExplanationOfBenefit	prescription	VisionPrescription
ExplanationOfBenefit	provider	Practitioner
ExplanationOfBenefit	provider	PractitionerRole
ExplanationOfBenefit	provider	Organization
ExplanationOfBenefit	referral	ServiceRequest
ExplanationOfBenefitAccident	locationReference	Location
ExplanationOfBenefitAddItem	locationReference	Location
ExplanationOfBenefitAddItem	provider	Practitioner
ExplanationOfBenefitAddItem	provider	PractitionerRole
ExplanationOfBenefitAddItem	provider	Organization
ExplanationOfBenefitCareTeam	provider	Practitioner
ExplanationOfBenefitCareTeam	provider	PractitionerRole
ExplanationOfBenefitCareTeam	provider	Organization
ExplanationOfBenefitDiagnosis	diagnosisReference	Condition
ExplanationOfBenefitInsurance	coverage	Coverage
ExplanationOfBenefitItem	encounter	Encounter
ExplanationOfBenefitItem	locationReference	Location
ExplanationOfBenefitItem	udi	Device
ExplanationOfBenefitItemDetail	udi	Device
ExplanationOfBenefitItemDetailSubDetail	udi	Device
ExplanationOfBenefitPayee	party	Practitioner
ExplanationOfBenefitPayee	party	Patient
ExplanationOfBenefitPayee	party	PractitionerRole
ExplanationOfBenefitPayee	party	RelatedPerson
ExplanationOfBenefitPayee	party	Organization
ExplanationOfBenefitProcedure	procedureReference	Procedure
ExplanationOfBenefitProcedure	udi	Device
ExplanationOfBenefitRelated	claim	Claim
ExplanationOfBenefitSupportingInfo	valueReference	Resource
FamilyMemberHistory	instantiatesCanonical	ActivityDefinition
FamilyMemberHistory	instantiatesCanonical	PlanDefinition
FamilyMemberHistory	instantiatesCanonical	Measure
FamilyMemberHistory	instantiatesCanonical	Questionnaire
FamilyMemberHistory	instantiatesCanonical	OperationDefinition
FamilyMemberHistory	patient	Patient
FamilyMemberHistory	reasonReference	DocumentReference
FamilyMemberHistory	reasonReference	DiagnosticReport
FamilyMemberHistory	reasonReference	QuestionnaireResponse
FamilyMemberHistory	reasonReference	Condition
FamilyMemberHistory	reasonReference	AllergyIntolerance
FamilyMemberHistory	reasonReference	Observation
Flag	author	Practitioner
Flag	author	Device
Flag	author	Patient
Flag	author	PractitionerRole
Flag	author	Organization
Flag	encounter	Encounter
Flag	subject	Procedure
Flag	subject	Practitioner
Flag	subject	Patient
Flag	subject	Group
Flag	subject	Organization
Flag	subject	PlanDefinition
Flag	subject	Location
Flag	subject	Medication
Goal	addresses	ServiceRequest
Goal	addresses	Observation
Goal	addresses	NutritionOrder
Goal	addresses	Condition
Goal	addresses	RiskAssessment
Goal	addresses	MedicationStatement
Goal	expressedBy	Practitioner
Goal	expressedBy	PractitionerRole
Goal	expressedBy	RelatedPerson
Goal	expressedBy	Patient
Goal	outcomeReference	Observation
Goal	subject	Group
Goal	subject	Organization
Goal	subject	Patient
GraphDefinition	profile	StructureDefinition
GraphDefinitionLinkTarget	profile	StructureDefinition
Group	managingEntity	Practitioner
Group	managingEntity	PractitionerRole
Group	managingEntity	Organization
Group	managingEntity	RelatedPerson
GroupMember	entity	Practitioner
GroupMember	entity	Device
GroupMember	entity	Patient
GroupMember	entity	PractitionerRole
GroupMember	entity	RelatedPerson
GroupMember	entity	Group
GroupMember	entity	Medication
GroupMember	entity	Substance
GuidanceResponse	encounter	Encounter
GuidanceResponse	evaluationMessage	OperationOutcome
GuidanceResponse	outputParameters	Parameters
GuidanceResponse	performer	Device
GuidanceResponse	reasonReference	Condition
GuidanceResponse	reasonReference	DocumentReference
GuidanceResponse	reasonReference	DiagnosticReport
GuidanceResponse	reasonReference	Observation
GuidanceResponse	result	RequestGroup
GuidanceResponse	result	CarePlan
GuidanceResponse	subject	Group
GuidanceResponse	subject	Patient
HealthcareService	coverageArea	Location
HealthcareService	endpoint	Endpoint
HealthcareService	location	Location
HealthcareService	providedBy	Organization
Identifier	assigner	Organization
ImagingStudy	basedOn	ServiceRequest
ImagingStudy	basedOn	AppointmentResponse
ImagingStudy	basedOn	CarePlan
ImagingStudy	basedOn	Appointment
ImagingStudy	basedOn	Task
ImagingStudy	encounter	Encounter
ImagingStudy	endpoint	Endpoint
ImagingStudy	interpreter	Practitioner
ImagingStudy	interpreter	PractitionerRole
ImagingStudy	location	Location
ImagingStudy	procedureReference	Procedure
ImagingStudy	reasonReference	DocumentReference
ImagingStudy	reasonReference	Media
ImagingStudy	reasonReference	DiagnosticReport
ImagingStudy	reasonReference	Condition
ImagingStudy	reasonReference	Observation
ImagingStudy	referrer	Practitioner
ImagingStudy	referrer	PractitionerRole
ImagingStudy	subject	Group
ImagingStudy	subject	Device
ImagingStudy	subject	Patient
ImagingStudySeries	endpoint	Endpoint
ImagingStudySeries	specimen	Specimen
ImagingStudySeriesPerformer	actor	Practitioner
ImagingStudySeriesPerformer	actor	Device
ImagingStudySeriesPerformer	actor	Patient
ImagingStudySeriesPerformer	actor	PractitionerRole
ImagingStudySeriesPerformer	actor	Organization
ImagingStudySeriesPerformer	actor	CareTeam
ImagingStudySeriesPerformer	actor	RelatedPerson
Immunization	encounter	Encounter
Immunization	location	Location
Immunization	manufacturer	Organization
Immunization	patient	Patient
Immunization	reasonReference	Condition
Immunization	reasonReference	DiagnosticReport
Immunization	reasonReference	Observation
ImmunizationPerformer	actor	Practitioner
ImmunizationPerformer	actor	PractitionerRole
ImmunizationPerformer	actor	Organization
ImmunizationProtocolApplied	authority	Organization
ImmunizationReaction	detail	Observation
ImmunizationEvaluation	authority	Organization
ImmunizationEvaluation	immunizationEvent	Immunization
ImmunizationEvaluation	patient	Patient
ImmunizationRecommendation	authority	Organization
ImmunizationRecommendation	patient	Patient
ImmunizationRecommendationRecommendation	supportingImmunization	ImmunizationEvaluation
ImmunizationRecommendationRecommendation	supportingImmunization	Immunization
ImmunizationRecommendationRecommendation	supportingPatientInformation	Resource
ImplementationGuideDefinitionPage	nameReference	Binary
ImplementationGuideDefinitionResource	exampleCanonical	StructureDefinition
ImplementationGuideDefinitionResource	reference	Resource
ImplementationGuideDependsOn	uri	ImplementationGuide
ImplementationGuideGlobal	profile	StructureDefinition
ImplementationGuideManifestResource	exampleCanonical	StructureDefinition
ImplementationGuideManifestResource	reference	Resource
Ingredient	for_fhir	MedicinalProductDefinition
Ingredient	for_fhir	ManufacturedItemDefinition
Ingredient	for_fhir	AdministrableProductDefinition
IngredientManufacturer	manufacturer	Organization
IngredientSubstance	code	SubstanceDefinition
IngredientSubstanceStrengthReferenceStrength	substance	SubstanceDefinition
InsurancePlan	administeredBy	Organization
InsurancePlan	coverageArea	Location
InsurancePlan	endpoint	Endpoint
InsurancePlan	network	Organization
InsurancePlan	ownedBy	Organization
InsurancePlanCoverage	network	Organization
InsurancePlanPlan	coverageArea	Location
InsurancePlanPlan	network	Organization
Invoice	account	Account
Invoice	issuer	Organization
Invoice	recipient	RelatedPerson
Invoice	recipient	Organization
Invoice	recipient	Patient
Invoice	subject	Group
Invoice	subject	Patient
InvoiceLineItem	chargeItemReference	ChargeItem
InvoiceParticipant	actor	Practitioner
InvoiceParticipant	actor	Device
InvoiceParticipant	actor	Patient
InvoiceParticipant	actor	PractitionerRole
InvoiceParticipant	actor	Organization
InvoiceParticipant	actor	RelatedPerson
Library	subjectReference	Group
Linkage	author	Practitioner
Linkage	author	PractitionerRole
Linkage	author	Organization
LinkageItem	resource	Resource
List	encounter	Encounter
List	source	Practitioner
List	source	PractitionerRole
List	source	Device
List	source	Patient
List	subject	Location
List	subject	Group
List	subject	Device
List	subject	Patient
ListEntry	item	Resource
Location	endpoint	Endpoint
Location	managingOrganization	Organization
Location	partOf	Location
ManufacturedItemDefinition	manufacturer	Organization
Measure	library	Library
Measure	subjectReference	Group
MeasureReport	evaluatedResource	Resource
MeasureReport	measure	Measure
MeasureReport	reporter	Location
MeasureReport	reporter	Practitioner
MeasureReport	reporter	PractitionerRole
MeasureReport	reporter	Organization
MeasureReport	subject	Practitioner
MeasureReport	subject	Device
MeasureReport	subject	Patient
MeasureReport	subject	PractitionerRole
MeasureReport	subject	RelatedPerson
MeasureReport	subject	Group
MeasureReport	subject	Location
MeasureReportGroupPopulation	subjectResults	List
MeasureReportGroupStratifierStratumPopulation	subjectResults	List
Media	basedOn	ServiceRequest
Media	basedOn	CarePlan
Media	device	DeviceMetric
Media	device	Device
Media	encounter	Encounter
Media	operator	Practitioner
Media	operator	Device
Media	operator	Patient
Media	operator	PractitionerRole
Media	operator	Organization
Media	operator	CareTeam
Media	operator	RelatedPerson
Media	partOf	Resource
Media	subject	Practitioner
Media	subject	Device
Media	subject	Patient
Media	subject	Specimen
Media	subject	Group
Media	subject	PractitionerRole
Media	subject	Location
Medication	manufacturer	Organization
MedicationIngredient	itemReference	Medication
MedicationIngredient	itemReference	Substance
MedicationAdministration	context	Encounter
MedicationAdministration	context	EpisodeOfCare
MedicationAdministration	device	Device
MedicationAdministration	eventHistory	Provenance
MedicationAdministration	medicationReference	Medication
MedicationAdministration	partOf	Procedure
MedicationAdministration	partOf	MedicationAdministration
MedicationAdministration	reasonReference	Condition
MedicationAdministration	reasonReference	DiagnosticReport
MedicationAdministration	reasonReference	Observation
MedicationAdministration	request	MedicationRequest
MedicationAdministration	subject	Group
MedicationAdministration	subject	Patient
MedicationAdministration	supportingInformation	Resource
MedicationAdministrationPerformer	actor	Practitioner
MedicationAdministrationPerformer	actor	Device
MedicationAdministrationPerformer	actor	Patient
MedicationAdministrationPerformer	actor	PractitionerRole
MedicationAdministrationPerformer	actor	RelatedPerson
MedicationDispense	authorizingPrescription	MedicationRequest
MedicationDispense	context	Encounter
MedicationDispense	context	EpisodeOfCare
MedicationDispense	destination	Location
MedicationDispense	detectedIssue	DetectedIssue
MedicationDispense	eventHistory	Provenance
MedicationDispense	location	Location
MedicationDispense	medicationReference	Medication
MedicationDispense	partOf	Procedure
MedicationDispense	receiver	Practitioner
MedicationDispense	receiver	Patient
MedicationDispense	statusReasonReference	DetectedIssue
MedicationDispense	subject	Group
MedicationDispense	subject	Patient
MedicationDispense	supportingInformation	Resource
MedicationDispensePerformer	actor	Practitioner
MedicationDispensePerformer	actor	Device
MedicationDispensePerformer	actor	Patient
MedicationDispensePerformer	actor	PractitionerRole
MedicationDispensePerformer	actor	Organization
MedicationDispensePerformer	actor	RelatedPerson
MedicationDispenseSubstitution	responsibleParty	Practitioner
MedicationDispenseSubstitution	responsibleParty	PractitionerRole
MedicationKnowledge	associatedMedication	Medication
MedicationKnowledge	contraindication	DetectedIssue
MedicationKnowledge	manufacturer	Organization
MedicationKnowledgeAdministrationGuidelines	indicationReference	ObservationDefinition
MedicationKnowledgeIngredient	itemReference	Substance
MedicationKnowledgeMonograph	source	DocumentReference
MedicationKnowledgeMonograph	source	Media
MedicationKnowledgeRegulatory	regulatoryAuthority	Organization
MedicationKnowledgeRelatedMedicationKnowledge	reference	MedicationKnowledge
MedicationRequest	basedOn	MedicationRequest
MedicationRequest	basedOn	ServiceRequest
MedicationRequest	basedOn	ImmunizationRecommendation
MedicationRequest	basedOn	CarePlan
MedicationRequest	detectedIssue	DetectedIssue
MedicationRequest	encounter	Encounter
MedicationRequest	eventHistory	Provenance
MedicationRequest	insurance	Coverage
MedicationRequest	insurance	ClaimResponse
MedicationRequest	medicationReference	Medication
MedicationRequest	performer	Practitioner
MedicationRequest	performer	Device
MedicationRequest	performer	Patient
MedicationRequest	performer	PractitionerRole
MedicationRequest	performer	Organization
MedicationRequest	performer	RelatedPerson
MedicationRequest	performer	CareTeam
MedicationRequest	priorPrescription	MedicationRequest
MedicationRequest	reasonReference	Condition
MedicationRequest	reasonReference	Observation
MedicationRequest	recorder	Practitioner
MedicationRequest	recorder	PractitionerRole
MedicationRequest	reportedReference	Practitioner
MedicationRequest	reportedReference	Patient
MedicationRequest	reportedReference	PractitionerRole
MedicationRequest	reportedReference	RelatedPerson
MedicationRequest	reportedReference	Organization
MedicationRequest	requester	Practitioner
MedicationRequest	requester	Device
MedicationRequest	requester	Patient
MedicationRequest	requester	PractitionerRole
MedicationRequest	requester	RelatedPerson
MedicationRequest	requester	Organization
MedicationRequest	subject	Group
MedicationRequest	subject	Patient
MedicationRequest	supportingInformation	Resource
MedicationRequestDispenseRequest	performer	Organization
MedicationStatement	basedOn	MedicationRequest
MedicationStatement	basedOn	ServiceRequest
MedicationStatement	basedOn	CarePlan
MedicationStatement	context	Encounter
MedicationStatement	context	EpisodeOfCare
MedicationStatement	derivedFrom	Resource
MedicationStatement	informationSource	Practitioner
MedicationStatement	informationSource	Patient
MedicationStatement	informationSource	PractitionerRole
MedicationStatement	informationSource	RelatedPerson
MedicationStatement	informationSource	Organization
MedicationStatement	medicationReference	Medication
MedicationStatement	partOf	Procedure
MedicationStatement	partOf	MedicationStatement
MedicationStatement	partOf	MedicationDispense
MedicationStatement	partOf	MedicationAdministration
MedicationStatement	partOf	Observation
MedicationStatement	reasonReference	Condition
MedicationStatement	reasonReference	DiagnosticReport
MedicationStatement	reasonReference	Observation
MedicationStatement	subject	Group
MedicationStatement	subject	Patient
MedicinalProductDefinition	attachedDocument	DocumentReference
MedicinalProductDefinition	clinicalTrial	ResearchStudy
MedicinalProductDefinition	impurity	SubstanceDefinition
MedicinalProductDefinition	masterFile	DocumentReference
MedicinalProductDefinitionContact	contact	PractitionerRole
MedicinalProductDefinitionContact	contact	Organization
MedicinalProductDefinitionCrossReference	product	MedicinalProductDefinition
MedicinalProductDefinitionOperation	organization	Organization
MedicinalProductDefinitionOperation	type	PlanDefinition
MedicinalProductDefinitionOperation	type	ActivityDefinition
MessageDefinition	base	MessageDefinition
MessageDefinition	graph	GraphDefinition
MessageDefinition	parent	PlanDefinition
MessageDefinition	parent	ActivityDefinition
MessageDefinition	replaces	MessageDefinition
MessageDefinitionAllowedResponse	message	MessageDefinition
MessageDefinitionFocus	profile	StructureDefinition
MessageHeader	author	Practitioner
MessageHeader	author	PractitionerRole
MessageHeader	definition	MessageDefinition
MessageHeader	enterer	Practitioner
MessageHeader	enterer	PractitionerRole
MessageHeader	focus	Resource
MessageHeader	responsible	Practitioner
MessageHeader	responsible	PractitionerRole
MessageHeader	responsible	Organization
MessageHeader	sender	Practitioner
MessageHeader	sender	PractitionerRole
MessageHeader	sender	Organization
MessageHeaderDestination	receiver	Practitioner
MessageHeaderDestination	receiver	PractitionerRole
MessageHeaderDestination	receiver	Organization
MessageHeaderDestination	target	Device
MessageHeaderResponse	details	OperationOutcome
Meta	profile	StructureDefinition
MolecularSequence	device	Device
MolecularSequence	patient	Patient
MolecularSequence	performer	Organization
MolecularSequence	pointer	MolecularSequence
MolecularSequence	specimen	Specimen
MolecularSequenceReferenceSeq	referenceSeqPointer	MolecularSequence
MolecularSequenceVariant	variantPointer	Observation
NutritionOrder	allergyIntolerance	AllergyIntolerance
NutritionOrder	encounter	Encounter
NutritionOrder	instantiatesCanonical	PlanDefinition
NutritionOrder	instantiatesCanonical	ActivityDefinition
NutritionOrder	orderer	Practitioner
NutritionOrder	orderer	PractitionerRole
NutritionOrder	patient	Patient
NutritionProduct	knownAllergen	Substance
NutritionProduct	manufacturer	Organization
NutritionProductIngredient	item	NutritionProduct
NutritionProductNutrient	item	Substance
Observation	basedOn	ServiceRequest
Observation	basedOn	NutritionOrder
Observation	basedOn	MedicationRequest
Observation	basedOn	DeviceRequest
Observation	basedOn	CarePlan
Observation	basedOn	ImmunizationRecommendation
Observation	derivedFrom	DocumentReference
Observation	derivedFrom	Media
Observation	derivedFrom	ImagingStudy
Observation	derivedFrom	MolecularSequence
Observation	derivedFrom	QuestionnaireResponse
Observation	derivedFrom	Observation
Observation	device	DeviceMetric
Observation	device	Device
Observation	encounter	Encounter
Observation	focus	Resource
Observation	hasMember	QuestionnaireResponse
Observation	hasMember	MolecularSequence
Observation	hasMember	Observation
Observation	partOf	Procedure
Observation	partOf	ImagingStudy
Observation	partOf	MedicationDispense
Observation	partOf	Immunization
Observation	partOf	MedicationAdministration
Observation	partOf	MedicationStatement
Observation	performer	Practitioner
Observation	performer	Patient
Observation	performer	PractitionerRole
Observation	performer	Organization
Observation	performer	CareTeam
Observation	performer	RelatedPerson
Observation	specimen	Specimen
Observation	subject	Procedure
Observation	subject	Practitioner
Observation	subject	Device
Observation	subject	Patient
Observation	subject	Group
Observation	subject	Organization
Observation	subject	Location
Observation	subject	Medication
Observation	subject	Substance
ObservationDefinition	abnormalCodedValueSet	ValueSet
ObservationDefinition	criticalCodedValueSet	ValueSet
ObservationDefinition	normalCodedValueSet	ValueSet
ObservationDefinition	validCodedValueSet	ValueSet
OperationDefinition	base	OperationDefinition
OperationDefinition	inputProfile	StructureDefinition
OperationDefinition	outputProfile	StructureDefinition
OperationDefinitionParameter	targetProfile	StructureDefinition
OperationDefinitionParameterBinding	valueSet	ValueSet
Organization	endpoint	Endpoint
Organization	partOf	Organization
OrganizationAffiliation	endpoint	Endpoint
OrganizationAffiliation	healthcareService	HealthcareService
OrganizationAffiliation	location	Location
OrganizationAffiliation	network	Organization
OrganizationAffiliation	organization	Organization
OrganizationAffiliation	participatingOrganization	Organization
PackagedProductDefinition	manufacturer	Organization
PackagedProductDefinition	packageFor	MedicinalProductDefinition
PackagedProductDefinitionPackage	manufacturer	Organization
PackagedProductDefinitionPackageContainedItem	item	NutritionProduct
PackagedProductDefinitionPackageContainedItem	item	BiologicallyDerivedProduct
PackagedProductDefinitionPackageContainedItem	item	DeviceDefinition
PackagedProductDefinitionPackageContainedItem	item	ManufacturedItemDefinition
PackagedProductDefinitionPackageContainedItem	item	PackagedProductDefinition
ParameterDefinition	profile	StructureDefinition
Patient	generalPractitioner	Practitioner
Patient	generalPractitioner	PractitionerRole
Patient	generalPractitioner	Organization
Patient	managingOrganization	Organization
PatientContact	organization	Organization
PatientLink	other	RelatedPerson
PatientLink	other	Patient
PaymentNotice	payee	Practitioner
PaymentNotice	payee	PractitionerRole
PaymentNotice	payee	Organization
PaymentNotice	payment	PaymentReconciliation
PaymentNotice	provider	Practitioner
PaymentNotice	provider	PractitionerRole
PaymentNotice	provider	Organization
PaymentNotice	recipient	Organization
PaymentNotice	request	Resource
PaymentNotice	response	Resource
PaymentReconciliation	paymentIssuer	Organization
PaymentReconciliation	request	Task
PaymentReconciliation	requestor	Practitioner
PaymentReconciliation	requestor	PractitionerRole
PaymentReconciliation	requestor	Organization
PaymentReconciliationDetail	payee	Practitioner
PaymentReconciliationDetail	payee	PractitionerRole
PaymentReconciliationDetail	payee	Organization
PaymentReconciliationDetail	request	Resource
PaymentReconciliationDetail	response	Resource
PaymentReconciliationDetail	responsible	PractitionerRole
PaymentReconciliationDetail	submitter	Practitioner
PaymentReconciliationDetail	submitter	PractitionerRole
PaymentReconciliationDetail	submitter	Organization
Person	managingOrganization	Organization
PersonLink	target	Practitioner
PersonLink	target	Person
PersonLink	target	RelatedPerson
PersonLink	target	Patient
PlanDefinition	library	Library
PlanDefinition	subjectCanonical	AdministrableProductDefinition
PlanDefinition	subjectCanonical	MedicinalProductDefinition
PlanDefinition	subjectCanonical	SubstanceDefinition
PlanDefinition	subjectCanonical	ManufacturedItemDefinition
PlanDefinition	subjectCanonical	PackagedProductDefinition
PlanDefinition	subjectReference	Group
PlanDefinitionAction	definitionCanonical	Questionnaire
PlanDefinitionAction	definitionCanonical	PlanDefinition
PlanDefinitionAction	definitionCanonical	ActivityDefinition
PlanDefinitionAction	subjectReference	Group
PlanDefinitionAction	transform	StructureMap
PractitionerQualification	issuer	Organization
PractitionerRole	endpoint	Endpoint
PractitionerRole	healthcareService	HealthcareService
PractitionerRole	location	Location
PractitionerRole	organization	Organization
PractitionerRole	practitioner	Practitioner
Procedure	asserter	Practitioner
Procedure	asserter	PractitionerRole
Procedure	asserter	RelatedPerson
Procedure	asserter	Patient
Procedure	basedOn	ServiceRequest
Procedure	basedOn	CarePlan
Procedure	complicationDetail	Condition
Procedure	encounter	Encounter
Procedure	instantiatesCanonical	ActivityDefinition
Procedure	instantiatesCanonical	PlanDefinition
Procedure	instantiatesCanonical	Measure
Procedure	instantiatesCanonical	Questionnaire
Procedure	instantiatesCanonical	OperationDefinition
Procedure	location	Location
Procedure	partOf	Procedure
Procedure	partOf	MedicationAdministration
Procedure	partOf	Observation
Procedure	reasonReference	DocumentReference
Procedure	reasonReference	Procedure
Procedure	reasonReference	DiagnosticReport
Procedure	reasonReference	Condition
Procedure	reasonReference	Observation
Procedure	recorder	Practitioner
Procedure	recorder	PractitionerRole
Procedure	recorder	RelatedPerson
Procedure	recorder	Patient
Procedure	report	DocumentReference
Procedure	report	Composition
Procedure	report	DiagnosticReport
Procedure	subject	Group
Procedure	subject	Patient
Procedure	usedReference	Medication
Procedure	usedReference	Substance
Procedure	usedReference	Device
ProcedureFocalDevice	manipulated	Device
ProcedurePerformer	actor	Practitioner
ProcedurePerformer	actor	Device
ProcedurePerformer	actor	Patient
ProcedurePerformer	actor	PractitionerRole
ProcedurePerformer	actor	RelatedPerson
ProcedurePerformer	actor	Organization
ProcedurePerformer	onBehalfOf	Organization
Provenance	location	Location
Provenance	target	Resource
ProvenanceAgent	onBehalfOf	Practitioner
ProvenanceAgent	onBehalfOf	Device
ProvenanceAgent	onBehalfOf	Patient
ProvenanceAgent	onBehalfOf	PractitionerRole
ProvenanceAgent	onBehalfOf	RelatedPerson
ProvenanceAgent	onBehalfOf	Organization
ProvenanceAgent	who	Practitioner
ProvenanceAgent	who	Device
ProvenanceAgent	who	Patient
ProvenanceAgent	who	PractitionerRole
ProvenanceAgent	who	RelatedPerson
ProvenanceAgent	who	Organization
ProvenanceEntity	what	Resource
Questionnaire	derivedFrom	Questionnaire
QuestionnaireItem	answerValueSet	ValueSet
QuestionnaireItemAnswerOption	valueReference	Resource
QuestionnaireItemEnableWhen	answerReference	Resource
QuestionnaireItemInitial	valueReference	Resource
QuestionnaireResponse	author	Practitioner
QuestionnaireResponse	author	Device
QuestionnaireResponse	author	Patient
QuestionnaireResponse	author	PractitionerRole
QuestionnaireResponse	author	RelatedPerson
QuestionnaireResponse	author	Organization
QuestionnaireResponse	basedOn	ServiceRequest
QuestionnaireResponse	basedOn	CarePlan
QuestionnaireResponse	encounter	Encounter
QuestionnaireResponse	partOf	Procedure
QuestionnaireResponse	partOf	Observation
QuestionnaireResponse	questionnaire	Questionnaire
QuestionnaireResponse	source	Practitioner
QuestionnaireResponse	source	PractitionerRole
QuestionnaireResponse	source	RelatedPerson
QuestionnaireResponse	source	Patient
QuestionnaireResponse	subject	Resource
QuestionnaireResponseItemAnswer	valueReference	Resource
RegulatedAuthorization	holder	Organization
RegulatedAuthorization	indication	ClinicalUseDefinition
RegulatedAuthorization	regulator	Organization
RegulatedAuthorization	subject	NutritionProduct
RegulatedAuthorization	subject	Practitioner
RegulatedAuthorization	subject	ResearchStudy
RegulatedAuthorization	subject	ActivityDefinition
RegulatedAuthorization	subject	BiologicallyDerivedProduct
RegulatedAuthorization	subject	MedicinalProductDefinition
RegulatedAuthorization	subject	SubstanceDefinition
RegulatedAuthorization	subject	ObservationDefinition
RegulatedAuthorization	subject	Organization
RegulatedAuthorization	subject	PlanDefinition
RegulatedAuthorization	subject	DeviceDefinition
RegulatedAuthorization	subject	Location
RegulatedAuthorization	subject	PackagedProductDefinition
RelatedArtifact	resource	Resource
RelatedPerson	patient	Patient
RequestGroup	author	Practitioner
RequestGroup	author	PractitionerRole
RequestGroup	author	Device
RequestGroup	basedOn	Resource
RequestGroup	encounter	Encounter
RequestGroup	reasonReference	Condition
RequestGroup	reasonReference	DocumentReference
RequestGroup	reasonReference	DiagnosticReport
RequestGroup	reasonReference	Observation
RequestGroup	replaces	Resource
RequestGroup	subject	Group
RequestGroup	subject	Patient
RequestGroupAction	participant	Practitioner
RequestGroupAction	participant	Device
RequestGroupAction	participant	Patient
RequestGroupAction	participant	PractitionerRole
RequestGroupAction	participant	RelatedPerson
RequestGroupAction	resource	Resource
ResearchDefinition	exposure	ResearchElementDefinition
ResearchDefinition	exposureAlternative	ResearchElementDefinition
ResearchDefinition	library	Library
ResearchDefinition	outcome	ResearchElementDefinition
ResearchDefinition	population	ResearchElementDefinition
ResearchDefinition	subjectReference	Group
ResearchElementDefinition	library	Library
ResearchElementDefinition	subjectReference	Group
ResearchElementDefinitionCharacteristic	definitionCanonical	ValueSet
ResearchStudy	enrollment	Group
ResearchStudy	partOf	ResearchStudy
ResearchStudy	principalInvestigator	Practitioner
ResearchStudy	principalInvestigator	PractitionerRole
ResearchStudy	protocol	PlanDefinition
ResearchStudy	site	Location
ResearchStudy	sponsor	Organization
ResearchSubject	consent	Consent
ResearchSubject	individual	Patient
ResearchSubject	study	ResearchStudy
RiskAssessment	basedOn	Resource
RiskAssessment	basis	Resource
RiskAssessment	condition	Condition
RiskAssessment	encounter	Encounter
RiskAssessment	parent	Resource
RiskAssessment	performer	Practitioner
RiskAssessment	performer	PractitionerRole
RiskAssessment	performer	Device
RiskAssessment	reasonReference	Condition
RiskAssessment	reasonReference	DocumentReference
RiskAssessment	reasonReference	DiagnosticReport
RiskAssessment	reasonReference	Observation
RiskAssessment	subject	Group
RiskAssessment	subject	Patient
Schedule	actor	Practitioner
Schedule	actor	Device
Schedule	actor	Patient
Schedule	actor	PractitionerRole
Schedule	actor	RelatedPerson
Schedule	actor	HealthcareService
Schedule	actor	Location
SearchParameter	derivedFrom	SearchParameter
SearchParameterComponent	definition	SearchParameter
ServiceRequest	basedOn	ServiceRequest
ServiceRequest	basedOn	MedicationRequest
ServiceRequest	basedOn	CarePlan
ServiceRequest	encounter	Encounter
ServiceRequest	instantiatesCanonical	PlanDefinition
ServiceRequest	instantiatesCanonical	ActivityDefinition
ServiceRequest	insurance	Coverage
ServiceRequest	insurance	ClaimResponse
ServiceRequest	locationReference	Location
ServiceRequest	performer	Practitioner
ServiceRequest	performer	Device
ServiceRequest	performer	Patient
ServiceRequest	performer	PractitionerRole
ServiceRequest	performer	Organization
ServiceRequest	performer	CareTeam
ServiceRequest	performer	RelatedPerson
ServiceRequest	performer	HealthcareService
ServiceRequest	reasonReference	Condition
ServiceRequest	reasonReference	DocumentReference
ServiceRequest	reasonReference	DiagnosticReport
ServiceRequest	reasonReference	Observation
ServiceRequest	relevantHistory	Provenance
ServiceRequest	replaces	ServiceRequest
ServiceRequest	requester	Practitioner
ServiceRequest	requester	Device
ServiceRequest	requester	Patient
ServiceRequest	requester	PractitionerRole
ServiceRequest	requester	RelatedPerson
ServiceRequest	requester	Organization
ServiceRequest	specimen	Specimen
ServiceRequest	subject	Location
ServiceRequest	subject	Group
ServiceRequest	subject	Device
ServiceRequest	subject	Patient
ServiceRequest	supportingInfo	Resource
Signature	onBehalfOf	Practitioner
Signature	onBehalfOf	Device
Signature	onBehalfOf	Patient
Signature	onBehalfOf	PractitionerRole
Signature	onBehalfOf	RelatedPerson
Signature	onBehalfOf	Organization
Signature	who	Practitioner
Signature	who	Device
Signature	who	Patient
Signature	who	PractitionerRole
Signature	who	RelatedPerson
Signature	who	Organization
Slot	schedule	Schedule
Specimen	parent	Specimen
Specimen	request	ServiceRequest
Specimen	subject	Device
Specimen	subject	Patient
Specimen	subject	Group
Specimen	subject	Location
Specimen	subject	Substance
SpecimenCollection	collector	Practitioner
SpecimenCollection	collector	PractitionerRole
SpecimenContainer	additiveReference	Substance
SpecimenProcessing	additive	Substance
SpecimenDefinitionTypeTestedContainerAdditive	additiveReference	Substance
StructureDefinition	baseDefinition	StructureDefinition
StructureMap	import_fhir	StructureMap
StructureMapStructure	url	StructureDefinition
SubscriptionStatus	subscription	Subscription
SubscriptionStatus	topic	SubscriptionTopic
SubscriptionStatusNotificationEvent	additionalContext	Resource
SubscriptionStatusNotificationEvent	focus	Resource
SubscriptionTopic	derivedFrom	SubscriptionTopic
SubstanceIngredient	substanceReference	Substance
SubstanceDefinition	informationSource	Citation
SubstanceDefinition	manufacturer	Organization
SubstanceDefinition	supplier	Organization
SubstanceDefinitionCode	source	DocumentReference
SubstanceDefinitionName	source	DocumentReference
SubstanceDefinitionRelationship	source	DocumentReference
SubstanceDefinitionRelationship	substanceDefinitionReference	SubstanceDefinition
SubstanceDefinitionStructure	sourceDocument	DocumentReference
SubstanceDefinitionStructureRepresentation	document	DocumentReference
SupplyDelivery	basedOn	SupplyRequest
SupplyDelivery	destination	Location
SupplyDelivery	partOf	SupplyDelivery
SupplyDelivery	partOf	Contract
SupplyDelivery	patient	Patient
SupplyDelivery	receiver	Practitioner
SupplyDelivery	receiver	PractitionerRole
SupplyDelivery	supplier	Practitioner
SupplyDelivery	supplier	PractitionerRole
SupplyDelivery	supplier	Organization
SupplyDeliverySuppliedItem	itemReference	Medication
SupplyDeliverySuppliedItem	itemReference	Substance
SupplyDeliverySuppliedItem	itemReference	Device
SupplyRequest	deliverFrom	Location
SupplyRequest	deliverFrom	Organization
SupplyRequest	deliverTo	Location
SupplyRequest	deliverTo	Organization
SupplyRequest	deliverTo	Patient
SupplyRequest	itemReference	Medication
SupplyRequest	itemReference	Substance
SupplyRequest	itemReference	Device
SupplyRequest	reasonReference	Condition
SupplyRequest	reasonReference	DocumentReference
SupplyRequest	reasonReference	DiagnosticReport
SupplyRequest	reasonReference	Observation
SupplyRequest	requester	Practitioner
SupplyRequest	requester	Device
SupplyRequest	requester	Patient
SupplyRequest	requester	PractitionerRole
SupplyRequest	requester	RelatedPerson
SupplyRequest	requester	Organization
SupplyRequest	supplier	Organization
SupplyRequest	supplier	HealthcareService
Task	basedOn	Resource
Task	encounter	Encounter
Task	focus	Resource
Task	for_fhir	Resource
Task	instantiatesCanonical	ActivityDefinition
Task	insurance	Coverage
Task	insurance	ClaimResponse
Task	location	Location
Task	owner	Practitioner
Task	owner	Device
Task	owner	Patient
Task	owner	PractitionerRole
Task	owner	Organization
Task	owner	CareTeam
Task	owner	RelatedPerson
Task	owner	HealthcareService
Task	partOf	Task
Task	reasonReference	Resource
Task	relevantHistory	Provenance
Task	requester	Practitioner
Task	requester	Device
Task	requester	Patient
Task	requester	PractitionerRole
Task	requester	Organization
Task	requester	RelatedPerson
TaskRestriction	recipient	Practitioner
TaskRestriction	recipient	Patient
TaskRestriction	recipient	Group
TaskRestriction	recipient	PractitionerRole
TaskRestriction	recipient	RelatedPerson
TaskRestriction	recipient	Organization
TerminologyCapabilitiesCodeSystem	uri	CodeSystem
TestReport	testScript	TestScript
TestScript	profile	Resource
TestScriptFixture	resource	Resource
TestScriptMetadataCapability	capabilities	CapabilityStatement
TriggerDefinition	timingReference	Schedule
UsageContext	valueReference	ResearchStudy
UsageContext	valueReference	Group
UsageContext	valueReference	InsurancePlan
UsageContext	valueReference	Organization
UsageContext	valueReference	PlanDefinition
UsageContext	valueReference	HealthcareService
UsageContext	valueReference	Location
ValueSetComposeInclude	valueSet	ValueSet
VerificationResult	target	Resource
VerificationResultAttestation	onBehalfOf	Practitioner
VerificationResultAttestation	onBehalfOf	PractitionerRole
VerificationResultAttestation	onBehalfOf	Organization
VerificationResultAttestation	who	Practitioner
VerificationResultAttestation	who	PractitionerRole
VerificationResultAttestation	who	Organization
VerificationResultPrimarySource	who	Practitioner
VerificationResultPrimarySource	who	PractitionerRole
VerificationResultPrimarySource	who	Organization
VerificationResultValidator	organization	Organization
VisionPrescription	encounter	Encounter
VisionPrescription	patient	Patient
VisionPrescription	prescriber	Practitioner
VisionPrescription	prescriber	PractitionerRole
